Unnamed: 0,Document ID,Document Title,Author,Creation Date
2,3,Document Title 3,Author 3,2020-01-28
29,30,Document Title 30,Author 30,2015-04-29
30,31,Document Title 31,Author 31,2022-09-22
31,32,Document Title 32,Author 32,2020-02-27
32,33,Document Title 33,Author 33,2016-10-19
33,34,Document Title 34,Author 34,2016-09-28
34,35,Document Title 35,Author 35,2020-01-19
35,36,Document Title 36,Author 36,2023-11-28
36,37,Document Title 37,Author 37,2024-05-24
37,38,Document Title 38,Author 38,2019-09-30
38,39,Document Title 39,Author 39,2019-09-15
299,300,Document Title 300,Author 300,2022-11-08
300,301,Document Title 301,Author 301,2018-10-08
301,302,Document Title 302,Author 302,2022-04-08
302,303,Document Title 303,Author 303,2015-05-06
303,304,Document Title 304,Author 304,2017-06-11
304,305,Document Title 305,Author 305,2019-09-30
305,306,Document Title 306,Author 306,2024-02-25
306,307,Document Title 307,Author 307,2020-12-29
307,308,Document Title 308,Author 308,2017-05-21
308,309,Document Title 309,Author 309,2019-12-04
309,310,Document Title 310,Author 310,2023-09-15
310,311,Document Title 311,Author 311,2018-12-26
311,312,Document Title 312,Author 312,2021-01-17
312,313,Document Title 313,Author 313,2020-02-08
313,314,Document Title 314,Author 314,2015-02-26
314,315,Document Title 315,Author 315,2020-04-18
315,316,Document Title 316,Author 316,2021-03-11
316,317,Document Title 317,Author 317,2021-03-23
317,318,Document Title 318,Author 318,2018-08-22
318,319,Document Title 319,Author 319,2017-08-05
319,320,Document Title 320,Author 320,2023-01-09
320,321,Document Title 321,Author 321,2017-09-13
321,322,Document Title 322,Author 322,2018-08-30
322,323,Document Title 323,Author 323,2019-03-31
323,324,Document Title 324,Author 324,2016-09-27
324,325,Document Title 325,Author 325,2015-06-20
325,326,Document Title 326,Author 326,2017-11-17
326,327,Document Title 327,Author 327,2017-08-23
327,328,Document Title 328,Author 328,2018-04-05
328,329,Document Title 329,Author 329,2021-12-05
329,330,Document Title 330,Author 330,2015-11-11
330,331,Document Title 331,Author 331,2016-06-06
331,332,Document Title 332,Author 332,2023-01-03
332,333,Document Title 333,Author 333,2021-08-06
333,334,Document Title 334,Author 334,2019-06-27
334,335,Document Title 335,Author 335,2021-02-16
335,336,Document Title 336,Author 336,2020-08-24
336,337,Document Title 337,Author 337,2017-10-23
337,338,Document Title 338,Author 338,2021-04-22
338,339,Document Title 339,Author 339,2024-03-12
339,340,Document Title 340,Author 340,2022-07-26
340,341,Document Title 341,Author 341,2019-06-21
341,342,Document Title 342,Author 342,2021-09-05
342,343,Document Title 343,Author 343,2017-12-13
343,344,Document Title 344,Author 344,2016-02-21
344,345,Document Title 345,Author 345,2019-04-14
345,346,Document Title 346,Author 346,2022-04-13
346,347,Document Title 347,Author 347,2021-01-02
347,348,Document Title 348,Author 348,2024-08-09
348,349,Document Title 349,Author 349,2024-02-13
349,350,Document Title 350,Author 350,2019-04-17
350,351,Document Title 351,Author 351,2015-06-24
351,352,Document Title 352,Author 352,2021-09-25
352,353,Document Title 353,Author 353,2017-12-21
353,354,Document Title 354,Author 354,2016-02-05
354,355,Document Title 355,Author 355,2015-04-09
355,356,Document Title 356,Author 356,2018-01-13
356,357,Document Title 357,Author 357,2024-07-20
357,358,Document Title 358,Author 358,2019-05-01
358,359,Document Title 359,Author 359,2021-04-03
359,360,Document Title 360,Author 360,2018-03-09
360,361,Document Title 361,Author 361,2020-07-21
361,362,Document Title 362,Author 362,2018-04-24
362,363,Document Title 363,Author 363,2020-07-26
363,364,Document Title 364,Author 364,2024-06-17
364,365,Document Title 365,Author 365,2021-01-25
365,366,Document Title 366,Author 366,2016-08-03
366,367,Document Title 367,Author 367,2019-04-19
367,368,Document Title 368,Author 368,2018-06-16
368,369,Document Title 369,Author 369,2017-08-07
369,370,Document Title 370,Author 370,2020-03-02
370,371,Document Title 371,Author 371,2021-03-03
371,372,Document Title 372,Author 372,2021-06-14
372,373,Document Title 373,Author 373,2018-02-20
373,374,Document Title 374,Author 374,2023-12-21
374,375,Document Title 375,Author 375,2015-01-27
375,376,Document Title 376,Author 376,2024-04-14
376,377,Document Title 377,Author 377,2023-12-17
377,378,Document Title 378,Author 378,2016-04-22
378,379,Document Title 379,Author 379,2016-08-23
379,380,Document Title 380,Author 380,2022-12-30
380,381,Document Title 381,Author 381,2016-04-05
381,382,Document Title 382,Author 382,2015-06-11
382,383,Document Title 383,Author 383,2021-10-12
383,384,Document Title 384,Author 384,2022-07-05
384,385,Document Title 385,Author 385,2024-03-26
385,386,Document Title 386,Author 386,2021-08-14
386,387,Document Title 387,Author 387,2020-07-10
387,388,Document Title 388,Author 388,2021-05-14
388,389,Document Title 389,Author 389,2015-10-05
389,390,Document Title 390,Author 390,2021-03-17
390,391,Document Title 391,Author 391,2023-02-22
391,392,Document Title 392,Author 392,2016-11-03
392,393,Document Title 393,Author 393,2019-12-25
393,394,Document Title 394,Author 394,2019-01-23
394,395,Document Title 395,Author 395,2022-06-18
395,396,Document Title 396,Author 396,2019-05-11
396,397,Document Title 397,Author 397,2020-10-14
397,398,Document Title 398,Author 398,2021-09-14
398,399,Document Title 399,Author 399,2018-09-16
2999,3000,Document Title 3000,Author 3000,2017-09-17
3000,3001,Document Title 3001,Author 3001,2016-09-19
3001,3002,Document Title 3002,Author 3002,2018-03-27
3002,3003,Document Title 3003,Author 3003,2020-08-08
3003,3004,Document Title 3004,Author 3004,2019-01-26
3004,3005,Document Title 3005,Author 3005,2016-12-07
3005,3006,Document Title 3006,Author 3006,2020-02-26
3006,3007,Document Title 3007,Author 3007,2024-08-03
3007,3008,Document Title 3008,Author 3008,2016-07-18
3008,3009,Document Title 3009,Author 3009,2020-04-05
3009,3010,Document Title 3010,Author 3010,2024-02-07
3010,3011,Document Title 3011,Author 3011,2023-02-24
3011,3012,Document Title 3012,Author 3012,2016-03-02
3012,3013,Document Title 3013,Author 3013,2014-12-30
3013,3014,Document Title 3014,Author 3014,2014-11-24
3014,3015,Document Title 3015,Author 3015,2019-09-02
3015,3016,Document Title 3016,Author 3016,2024-10-17
3016,3017,Document Title 3017,Author 3017,2016-10-26
3017,3018,Document Title 3018,Author 3018,2019-01-28
3018,3019,Document Title 3019,Author 3019,2022-05-24
3019,3020,Document Title 3020,Author 3020,2015-02-27
3020,3021,Document Title 3021,Author 3021,2016-10-29
3021,3022,Document Title 3022,Author 3022,2018-05-14
3022,3023,Document Title 3023,Author 3023,2016-11-18
3023,3024,Document Title 3024,Author 3024,2024-04-03
3024,3025,Document Title 3025,Author 3025,2024-06-13
3025,3026,Document Title 3026,Author 3026,2015-03-28
3026,3027,Document Title 3027,Author 3027,2022-11-07
3027,3028,Document Title 3028,Author 3028,2022-11-02
3028,3029,Document Title 3029,Author 3029,2018-04-01
3029,3030,Document Title 3030,Author 3030,2024-05-22
3030,3031,Document Title 3031,Author 3031,2019-05-27
3031,3032,Document Title 3032,Author 3032,2024-06-22
3032,3033,Document Title 3033,Author 3033,2019-11-26
3033,3034,Document Title 3034,Author 3034,2016-07-20
3034,3035,Document Title 3035,Author 3035,2016-05-27
3035,3036,Document Title 3036,Author 3036,2017-08-03
3036,3037,Document Title 3037,Author 3037,2022-09-21
3037,3038,Document Title 3038,Author 3038,2016-07-08
3038,3039,Document Title 3039,Author 3039,2019-01-27
3039,3040,Document Title 3040,Author 3040,2016-01-09
3040,3041,Document Title 3041,Author 3041,2023-06-02
3041,3042,Document Title 3042,Author 3042,2021-04-03
3042,3043,Document Title 3043,Author 3043,2015-08-21
3043,3044,Document Title 3044,Author 3044,2016-07-09
3044,3045,Document Title 3045,Author 3045,2022-06-15
3045,3046,Document Title 3046,Author 3046,2015-03-02
3046,3047,Document Title 3047,Author 3047,2016-05-29
3047,3048,Document Title 3048,Author 3048,2022-08-09
3048,3049,Document Title 3049,Author 3049,2018-08-02
3049,3050,Document Title 3050,Author 3050,2018-09-26
3050,3051,Document Title 3051,Author 3051,2020-12-09
3051,3052,Document Title 3052,Author 3052,2019-04-16
3052,3053,Document Title 3053,Author 3053,2015-08-28
3053,3054,Document Title 3054,Author 3054,2024-06-15
3054,3055,Document Title 3055,Author 3055,2023-07-30
3055,3056,Document Title 3056,Author 3056,2021-12-19
3056,3057,Document Title 3057,Author 3057,2020-10-21
3057,3058,Document Title 3058,Author 3058,2016-11-14
3058,3059,Document Title 3059,Author 3059,2021-07-19
3059,3060,Document Title 3060,Author 3060,2024-10-01
3060,3061,Document Title 3061,Author 3061,2023-11-20
3061,3062,Document Title 3062,Author 3062,2024-03-13
3062,3063,Document Title 3063,Author 3063,2021-07-24
3063,3064,Document Title 3064,Author 3064,2020-04-06
3064,3065,Document Title 3065,Author 3065,2015-04-18
3065,3066,Document Title 3066,Author 3066,2023-06-11
3066,3067,Document Title 3067,Author 3067,2023-01-15
3067,3068,Document Title 3068,Author 3068,2023-03-12
3068,3069,Document Title 3069,Author 3069,2018-08-01
3069,3070,Document Title 3070,Author 3070,2022-12-12
3070,3071,Document Title 3071,Author 3071,2018-01-31
3071,3072,Document Title 3072,Author 3072,2018-10-28
3072,3073,Document Title 3073,Author 3073,2021-12-30
3073,3074,Document Title 3074,Author 3074,2015-04-30
3074,3075,Document Title 3075,Author 3075,2015-02-11
3075,3076,Document Title 3076,Author 3076,2024-09-10
3076,3077,Document Title 3077,Author 3077,2019-07-08
3077,3078,Document Title 3078,Author 3078,2018-06-19
3078,3079,Document Title 3079,Author 3079,2018-05-25
3079,3080,Document Title 3080,Author 3080,2016-11-11
3080,3081,Document Title 3081,Author 3081,2018-12-18
3081,3082,Document Title 3082,Author 3082,2024-02-03
3082,3083,Document Title 3083,Author 3083,2018-06-27
3083,3084,Document Title 3084,Author 3084,2022-12-07
3084,3085,Document Title 3085,Author 3085,2022-11-01
3085,3086,Document Title 3086,Author 3086,2023-03-01
3086,3087,Document Title 3087,Author 3087,2018-10-16
3087,3088,Document Title 3088,Author 3088,2017-01-02
3088,3089,Document Title 3089,Author 3089,2016-12-17
3089,3090,Document Title 3090,Author 3090,2023-11-22
3090,3091,Document Title 3091,Author 3091,2017-06-08
3091,3092,Document Title 3092,Author 3092,2016-02-01
3092,3093,Document Title 3093,Author 3093,2024-01-12
3093,3094,Document Title 3094,Author 3094,2022-04-01
3094,3095,Document Title 3095,Author 3095,2021-07-28
3095,3096,Document Title 3096,Author 3096,2022-12-22
3096,3097,Document Title 3097,Author 3097,2022-07-02
3097,3098,Document Title 3098,Author 3098,2024-09-22
3098,3099,Document Title 3099,Author 3099,2015-01-21
3099,3100,Document Title 3100,Author 3100,2017-07-09
3100,3101,Document Title 3101,Author 3101,2019-05-15
3101,3102,Document Title 3102,Author 3102,2017-01-03
3102,3103,Document Title 3103,Author 3103,2016-05-27
3103,3104,Document Title 3104,Author 3104,2015-03-16
3104,3105,Document Title 3105,Author 3105,2017-08-29
3105,3106,Document Title 3106,Author 3106,2023-03-23
3106,3107,Document Title 3107,Author 3107,2019-09-02
3107,3108,Document Title 3108,Author 3108,2015-02-01
3108,3109,Document Title 3109,Author 3109,2021-09-13
3109,3110,Document Title 3110,Author 3110,2019-05-09
3110,3111,Document Title 3111,Author 3111,2015-03-18
3111,3112,Document Title 3112,Author 3112,2017-06-08
3112,3113,Document Title 3113,Author 3113,2021-07-15
3113,3114,Document Title 3114,Author 3114,2021-04-02
3114,3115,Document Title 3115,Author 3115,2023-06-25
3115,3116,Document Title 3116,Author 3116,2017-01-22
3116,3117,Document Title 3117,Author 3117,2015-12-27
3117,3118,Document Title 3118,Author 3118,2023-12-22
3118,3119,Document Title 3119,Author 3119,2019-11-24
3119,3120,Document Title 3120,Author 3120,2017-11-17
3120,3121,Document Title 3121,Author 3121,2024-03-04
3121,3122,Document Title 3122,Author 3122,2022-01-11
3122,3123,Document Title 3123,Author 3123,2018-02-06
3123,3124,Document Title 3124,Author 3124,2022-09-23
3124,3125,Document Title 3125,Author 3125,2015-05-24
3125,3126,Document Title 3126,Author 3126,2021-09-12
3126,3127,Document Title 3127,Author 3127,2021-01-19
3127,3128,Document Title 3128,Author 3128,2021-10-17
3128,3129,Document Title 3129,Author 3129,2017-03-04
3129,3130,Document Title 3130,Author 3130,2016-11-16
3130,3131,Document Title 3131,Author 3131,2023-09-11
3131,3132,Document Title 3132,Author 3132,2016-05-23
3132,3133,Document Title 3133,Author 3133,2024-05-05
3133,3134,Document Title 3134,Author 3134,2020-09-03
3134,3135,Document Title 3135,Author 3135,2019-04-17
3135,3136,Document Title 3136,Author 3136,2023-05-10
3136,3137,Document Title 3137,Author 3137,2018-09-02
3137,3138,Document Title 3138,Author 3138,2016-10-07
3138,3139,Document Title 3139,Author 3139,2016-05-30
3139,3140,Document Title 3140,Author 3140,2019-07-31
3140,3141,Document Title 3141,Author 3141,2020-09-16
3141,3142,Document Title 3142,Author 3142,2024-07-25
3142,3143,Document Title 3143,Author 3143,2015-11-17
3143,3144,Document Title 3144,Author 3144,2021-03-20
3144,3145,Document Title 3145,Author 3145,2018-06-26
3145,3146,Document Title 3146,Author 3146,2019-10-09
3146,3147,Document Title 3147,Author 3147,2023-09-29
3147,3148,Document Title 3148,Author 3148,2017-12-13
3148,3149,Document Title 3149,Author 3149,2015-09-20
3149,3150,Document Title 3150,Author 3150,2019-03-14
3150,3151,Document Title 3151,Author 3151,2023-09-07
3151,3152,Document Title 3152,Author 3152,2019-09-17
3152,3153,Document Title 3153,Author 3153,2021-03-04
3153,3154,Document Title 3154,Author 3154,2023-07-29
3154,3155,Document Title 3155,Author 3155,2020-05-17
3155,3156,Document Title 3156,Author 3156,2023-11-30
3156,3157,Document Title 3157,Author 3157,2021-11-17
3157,3158,Document Title 3158,Author 3158,2016-02-17
3158,3159,Document Title 3159,Author 3159,2022-03-18
3159,3160,Document Title 3160,Author 3160,2020-07-27
3160,3161,Document Title 3161,Author 3161,2022-11-12
3161,3162,Document Title 3162,Author 3162,2021-06-12
3162,3163,Document Title 3163,Author 3163,2017-04-25
3163,3164,Document Title 3164,Author 3164,2019-06-14
3164,3165,Document Title 3165,Author 3165,2022-09-10
3165,3166,Document Title 3166,Author 3166,2015-03-30
3166,3167,Document Title 3167,Author 3167,2022-05-31
3167,3168,Document Title 3168,Author 3168,2021-08-15
3168,3169,Document Title 3169,Author 3169,2019-08-11
3169,3170,Document Title 3170,Author 3170,2018-11-14
3170,3171,Document Title 3171,Author 3171,2021-03-03
3171,3172,Document Title 3172,Author 3172,2024-02-29
3172,3173,Document Title 3173,Author 3173,2024-05-29
3173,3174,Document Title 3174,Author 3174,2016-02-06
3174,3175,Document Title 3175,Author 3175,2016-01-30
3175,3176,Document Title 3176,Author 3176,2024-05-13
3176,3177,Document Title 3177,Author 3177,2018-02-04
3177,3178,Document Title 3178,Author 3178,2017-08-01
3178,3179,Document Title 3179,Author 3179,2021-08-27
3179,3180,Document Title 3180,Author 3180,2019-08-23
3180,3181,Document Title 3181,Author 3181,2023-09-20
3181,3182,Document Title 3182,Author 3182,2022-06-03
3182,3183,Document Title 3183,Author 3183,2023-02-17
3183,3184,Document Title 3184,Author 3184,2016-09-27
3184,3185,Document Title 3185,Author 3185,2019-06-19
3185,3186,Document Title 3186,Author 3186,2016-07-11
3186,3187,Document Title 3187,Author 3187,2018-04-24
3187,3188,Document Title 3188,Author 3188,2021-05-08
3188,3189,Document Title 3189,Author 3189,2023-08-13
3189,3190,Document Title 3190,Author 3190,2015-08-04
3190,3191,Document Title 3191,Author 3191,2015-02-12
3191,3192,Document Title 3192,Author 3192,2015-09-14
3192,3193,Document Title 3193,Author 3193,2018-08-15
3193,3194,Document Title 3194,Author 3194,2016-12-02
3194,3195,Document Title 3195,Author 3195,2021-10-24
3195,3196,Document Title 3196,Author 3196,2019-09-11
3196,3197,Document Title 3197,Author 3197,2017-07-28
3197,3198,Document Title 3198,Author 3198,2022-01-25
3198,3199,Document Title 3199,Author 3199,2018-10-07
3199,3200,Document Title 3200,Author 3200,2020-04-23
3200,3201,Document Title 3201,Author 3201,2020-03-20
3201,3202,Document Title 3202,Author 3202,2015-03-20
3202,3203,Document Title 3203,Author 3203,2022-02-27
3203,3204,Document Title 3204,Author 3204,2022-08-08
3204,3205,Document Title 3205,Author 3205,2020-01-16
3205,3206,Document Title 3206,Author 3206,2024-10-26
3206,3207,Document Title 3207,Author 3207,2021-04-13
3207,3208,Document Title 3208,Author 3208,2022-07-23
3208,3209,Document Title 3209,Author 3209,2022-10-04
3209,3210,Document Title 3210,Author 3210,2015-07-05
3210,3211,Document Title 3211,Author 3211,2015-08-19
3211,3212,Document Title 3212,Author 3212,2023-08-04
3212,3213,Document Title 3213,Author 3213,2022-04-08
3213,3214,Document Title 3214,Author 3214,2017-11-07
3214,3215,Document Title 3215,Author 3215,2024-09-19
3215,3216,Document Title 3216,Author 3216,2018-07-01
3216,3217,Document Title 3217,Author 3217,2023-12-05
3217,3218,Document Title 3218,Author 3218,2015-10-01
3218,3219,Document Title 3219,Author 3219,2015-01-28
3219,3220,Document Title 3220,Author 3220,2015-11-13
3220,3221,Document Title 3221,Author 3221,2022-05-24
3221,3222,Document Title 3222,Author 3222,2015-02-08
3222,3223,Document Title 3223,Author 3223,2017-01-25
3223,3224,Document Title 3224,Author 3224,2024-02-14
3224,3225,Document Title 3225,Author 3225,2021-02-18
3225,3226,Document Title 3226,Author 3226,2016-10-12
3226,3227,Document Title 3227,Author 3227,2015-08-06
3227,3228,Document Title 3228,Author 3228,2024-10-09
3228,3229,Document Title 3229,Author 3229,2017-01-26
3229,3230,Document Title 3230,Author 3230,2017-02-05
3230,3231,Document Title 3231,Author 3231,2020-12-07
3231,3232,Document Title 3232,Author 3232,2023-06-25
3232,3233,Document Title 3233,Author 3233,2017-08-08
3233,3234,Document Title 3234,Author 3234,2022-12-06
3234,3235,Document Title 3235,Author 3235,2024-01-01
3235,3236,Document Title 3236,Author 3236,2021-03-03
3236,3237,Document Title 3237,Author 3237,2023-03-05
3237,3238,Document Title 3238,Author 3238,2019-11-08
3238,3239,Document Title 3239,Author 3239,2024-07-07
3239,3240,Document Title 3240,Author 3240,2017-10-11
3240,3241,Document Title 3241,Author 3241,2015-07-14
3241,3242,Document Title 3242,Author 3242,2015-11-08
3242,3243,Document Title 3243,Author 3243,2015-01-15
3243,3244,Document Title 3244,Author 3244,2021-02-11
3244,3245,Document Title 3245,Author 3245,2020-10-02
3245,3246,Document Title 3246,Author 3246,2018-01-07
3246,3247,Document Title 3247,Author 3247,2024-03-01
3247,3248,Document Title 3248,Author 3248,2021-10-17
3248,3249,Document Title 3249,Author 3249,2019-02-16
3249,3250,Document Title 3250,Author 3250,2021-02-28
3250,3251,Document Title 3251,Author 3251,2016-05-19
3251,3252,Document Title 3252,Author 3252,2023-08-23
3252,3253,Document Title 3253,Author 3253,2017-01-24
3253,3254,Document Title 3254,Author 3254,2020-12-17
3254,3255,Document Title 3255,Author 3255,2018-07-25
3255,3256,Document Title 3256,Author 3256,2018-10-03
3256,3257,Document Title 3257,Author 3257,2021-02-23
3257,3258,Document Title 3258,Author 3258,2018-05-13
3258,3259,Document Title 3259,Author 3259,2020-12-25
3259,3260,Document Title 3260,Author 3260,2022-07-18
3260,3261,Document Title 3261,Author 3261,2018-10-24
3261,3262,Document Title 3262,Author 3262,2023-06-06
3262,3263,Document Title 3263,Author 3263,2021-08-16
3263,3264,Document Title 3264,Author 3264,2019-02-13
3264,3265,Document Title 3265,Author 3265,2024-06-11
3265,3266,Document Title 3266,Author 3266,2014-12-10
3266,3267,Document Title 3267,Author 3267,2023-06-23
3267,3268,Document Title 3268,Author 3268,2022-07-14
3268,3269,Document Title 3269,Author 3269,2017-03-18
3269,3270,Document Title 3270,Author 3270,2018-09-23
3270,3271,Document Title 3271,Author 3271,2018-04-29
3271,3272,Document Title 3272,Author 3272,2015-05-12
3272,3273,Document Title 3273,Author 3273,2015-09-27
3273,3274,Document Title 3274,Author 3274,2023-05-12
3274,3275,Document Title 3275,Author 3275,2022-08-31
3275,3276,Document Title 3276,Author 3276,2017-09-20
3276,3277,Document Title 3277,Author 3277,2018-11-30
3277,3278,Document Title 3278,Author 3278,2019-10-23
3278,3279,Document Title 3279,Author 3279,2018-10-30
3279,3280,Document Title 3280,Author 3280,2024-02-26
3280,3281,Document Title 3281,Author 3281,2015-08-14
3281,3282,Document Title 3282,Author 3282,2024-03-31
3282,3283,Document Title 3283,Author 3283,2022-12-12
3283,3284,Document Title 3284,Author 3284,2021-08-03
3284,3285,Document Title 3285,Author 3285,2018-11-16
3285,3286,Document Title 3286,Author 3286,2024-09-08
3286,3287,Document Title 3287,Author 3287,2023-08-03
3287,3288,Document Title 3288,Author 3288,2020-07-29
3288,3289,Document Title 3289,Author 3289,2020-02-29
3289,3290,Document Title 3290,Author 3290,2024-07-11
3290,3291,Document Title 3291,Author 3291,2023-03-08
3291,3292,Document Title 3292,Author 3292,2016-11-22
3292,3293,Document Title 3293,Author 3293,2016-05-06
3293,3294,Document Title 3294,Author 3294,2018-07-24
3294,3295,Document Title 3295,Author 3295,2023-06-06
3295,3296,Document Title 3296,Author 3296,2020-10-12
3296,3297,Document Title 3297,Author 3297,2020-01-28
3297,3298,Document Title 3298,Author 3298,2024-01-02
3298,3299,Document Title 3299,Author 3299,2019-08-12
3299,3300,Document Title 3300,Author 3300,2024-10-08
3300,3301,Document Title 3301,Author 3301,2021-04-16
3301,3302,Document Title 3302,Author 3302,2015-09-01
3302,3303,Document Title 3303,Author 3303,2014-12-16
3303,3304,Document Title 3304,Author 3304,2016-01-05
3304,3305,Document Title 3305,Author 3305,2021-02-07
3305,3306,Document Title 3306,Author 3306,2015-07-11
3306,3307,Document Title 3307,Author 3307,2017-11-21
3307,3308,Document Title 3308,Author 3308,2017-04-25
3308,3309,Document Title 3309,Author 3309,2018-12-13
3309,3310,Document Title 3310,Author 3310,2018-10-01
3310,3311,Document Title 3311,Author 3311,2022-06-15
3311,3312,Document Title 3312,Author 3312,2016-10-10
3312,3313,Document Title 3313,Author 3313,2021-12-29
3313,3314,Document Title 3314,Author 3314,2020-07-31
3314,3315,Document Title 3315,Author 3315,2022-01-29
3315,3316,Document Title 3316,Author 3316,2015-12-01
3316,3317,Document Title 3317,Author 3317,2018-06-07
3317,3318,Document Title 3318,Author 3318,2015-08-05
3318,3319,Document Title 3319,Author 3319,2017-08-11
3319,3320,Document Title 3320,Author 3320,2018-09-25
3320,3321,Document Title 3321,Author 3321,2018-12-14
3321,3322,Document Title 3322,Author 3322,2018-08-05
3322,3323,Document Title 3323,Author 3323,2022-02-13
3323,3324,Document Title 3324,Author 3324,2021-02-14
3324,3325,Document Title 3325,Author 3325,2023-08-07
3325,3326,Document Title 3326,Author 3326,2020-11-07
3326,3327,Document Title 3327,Author 3327,2015-05-19
3327,3328,Document Title 3328,Author 3328,2015-03-09
3328,3329,Document Title 3329,Author 3329,2016-08-05
3329,3330,Document Title 3330,Author 3330,2015-06-16
3330,3331,Document Title 3331,Author 3331,2018-02-28
3331,3332,Document Title 3332,Author 3332,2020-11-04
3332,3333,Document Title 3333,Author 3333,2022-07-22
3333,3334,Document Title 3334,Author 3334,2018-02-22
3334,3335,Document Title 3335,Author 3335,2016-02-03
3335,3336,Document Title 3336,Author 3336,2021-10-05
3336,3337,Document Title 3337,Author 3337,2019-04-16
3337,3338,Document Title 3338,Author 3338,2021-07-07
3338,3339,Document Title 3339,Author 3339,2019-07-09
3339,3340,Document Title 3340,Author 3340,2023-12-22
3340,3341,Document Title 3341,Author 3341,2018-07-22
3341,3342,Document Title 3342,Author 3342,2020-01-31
3342,3343,Document Title 3343,Author 3343,2016-04-13
3343,3344,Document Title 3344,Author 3344,2016-02-15
3344,3345,Document Title 3345,Author 3345,2019-03-21
3345,3346,Document Title 3346,Author 3346,2017-08-23
3346,3347,Document Title 3347,Author 3347,2023-12-27
3347,3348,Document Title 3348,Author 3348,2024-02-11
3348,3349,Document Title 3349,Author 3349,2019-10-08
3349,3350,Document Title 3350,Author 3350,2017-05-15
3350,3351,Document Title 3351,Author 3351,2017-01-12
3351,3352,Document Title 3352,Author 3352,2019-10-09
3352,3353,Document Title 3353,Author 3353,2022-09-05
3353,3354,Document Title 3354,Author 3354,2015-06-18
3354,3355,Document Title 3355,Author 3355,2020-06-11
3355,3356,Document Title 3356,Author 3356,2020-04-11
3356,3357,Document Title 3357,Author 3357,2015-09-26
3357,3358,Document Title 3358,Author 3358,2017-11-28
3358,3359,Document Title 3359,Author 3359,2017-06-02
3359,3360,Document Title 3360,Author 3360,2019-09-06
3360,3361,Document Title 3361,Author 3361,2017-07-09
3361,3362,Document Title 3362,Author 3362,2018-10-06
3362,3363,Document Title 3363,Author 3363,2018-10-10
3363,3364,Document Title 3364,Author 3364,2023-11-27
3364,3365,Document Title 3365,Author 3365,2020-04-03
3365,3366,Document Title 3366,Author 3366,2023-02-28
3366,3367,Document Title 3367,Author 3367,2016-09-11
3367,3368,Document Title 3368,Author 3368,2023-06-29
3368,3369,Document Title 3369,Author 3369,2021-08-15
3369,3370,Document Title 3370,Author 3370,2021-01-16
3370,3371,Document Title 3371,Author 3371,2023-09-28
3371,3372,Document Title 3372,Author 3372,2015-05-06
3372,3373,Document Title 3373,Author 3373,2015-11-29
3373,3374,Document Title 3374,Author 3374,2021-05-17
3374,3375,Document Title 3375,Author 3375,2021-01-31
3375,3376,Document Title 3376,Author 3376,2022-06-08
3376,3377,Document Title 3377,Author 3377,2014-11-16
3377,3378,Document Title 3378,Author 3378,2021-04-08
3378,3379,Document Title 3379,Author 3379,2017-11-15
3379,3380,Document Title 3380,Author 3380,2018-06-16
3380,3381,Document Title 3381,Author 3381,2022-08-28
3381,3382,Document Title 3382,Author 3382,2017-01-27
3382,3383,Document Title 3383,Author 3383,2019-06-14
3383,3384,Document Title 3384,Author 3384,2014-11-11
3384,3385,Document Title 3385,Author 3385,2020-11-17
3385,3386,Document Title 3386,Author 3386,2019-01-21
3386,3387,Document Title 3387,Author 3387,2019-04-09
3387,3388,Document Title 3388,Author 3388,2024-07-19
3388,3389,Document Title 3389,Author 3389,2021-04-26
3389,3390,Document Title 3390,Author 3390,2023-10-31
3390,3391,Document Title 3391,Author 3391,2017-10-01
3391,3392,Document Title 3392,Author 3392,2015-07-30
3392,3393,Document Title 3393,Author 3393,2017-08-08
3393,3394,Document Title 3394,Author 3394,2023-06-30
3394,3395,Document Title 3395,Author 3395,2020-03-04
3395,3396,Document Title 3396,Author 3396,2018-01-26
3396,3397,Document Title 3397,Author 3397,2019-05-03
3397,3398,Document Title 3398,Author 3398,2023-09-18
3398,3399,Document Title 3399,Author 3399,2020-03-29
3399,3400,Document Title 3400,Author 3400,2014-12-01
3400,3401,Document Title 3401,Author 3401,2021-08-13
3401,3402,Document Title 3402,Author 3402,2016-10-20
3402,3403,Document Title 3403,Author 3403,2016-11-07
3403,3404,Document Title 3404,Author 3404,2023-04-14
3404,3405,Document Title 3405,Author 3405,2019-04-03
3405,3406,Document Title 3406,Author 3406,2016-12-03
3406,3407,Document Title 3407,Author 3407,2018-03-01
3407,3408,Document Title 3408,Author 3408,2021-11-03
3408,3409,Document Title 3409,Author 3409,2018-07-17
3409,3410,Document Title 3410,Author 3410,2017-04-03
3410,3411,Document Title 3411,Author 3411,2020-04-01
3411,3412,Document Title 3412,Author 3412,2020-11-18
3412,3413,Document Title 3413,Author 3413,2023-01-16
3413,3414,Document Title 3414,Author 3414,2022-04-10
3414,3415,Document Title 3415,Author 3415,2022-06-19
3415,3416,Document Title 3416,Author 3416,2016-04-15
3416,3417,Document Title 3417,Author 3417,2016-07-26
3417,3418,Document Title 3418,Author 3418,2019-01-14
3418,3419,Document Title 3419,Author 3419,2018-07-17
3419,3420,Document Title 3420,Author 3420,2021-03-06
3420,3421,Document Title 3421,Author 3421,2016-08-31
3421,3422,Document Title 3422,Author 3422,2018-10-01
3422,3423,Document Title 3423,Author 3423,2015-01-16
3423,3424,Document Title 3424,Author 3424,2022-04-13
3424,3425,Document Title 3425,Author 3425,2016-02-20
3425,3426,Document Title 3426,Author 3426,2021-03-08
3426,3427,Document Title 3427,Author 3427,2014-11-13
3427,3428,Document Title 3428,Author 3428,2015-12-08
3428,3429,Document Title 3429,Author 3429,2019-03-23
3429,3430,Document Title 3430,Author 3430,2021-05-02
3430,3431,Document Title 3431,Author 3431,2018-02-04
3431,3432,Document Title 3432,Author 3432,2020-03-03
3432,3433,Document Title 3433,Author 3433,2015-07-01
3433,3434,Document Title 3434,Author 3434,2018-11-29
3434,3435,Document Title 3435,Author 3435,2020-02-12
3435,3436,Document Title 3436,Author 3436,2022-08-06
3436,3437,Document Title 3437,Author 3437,2021-08-04
3437,3438,Document Title 3438,Author 3438,2022-09-29
3438,3439,Document Title 3439,Author 3439,2018-05-16
3439,3440,Document Title 3440,Author 3440,2017-09-26
3440,3441,Document Title 3441,Author 3441,2020-01-24
3441,3442,Document Title 3442,Author 3442,2016-03-01
3442,3443,Document Title 3443,Author 3443,2017-12-18
3443,3444,Document Title 3444,Author 3444,2019-06-16
3444,3445,Document Title 3445,Author 3445,2024-02-03
3445,3446,Document Title 3446,Author 3446,2019-07-10
3446,3447,Document Title 3447,Author 3447,2016-11-18
3447,3448,Document Title 3448,Author 3448,2022-03-19
3448,3449,Document Title 3449,Author 3449,2015-02-14
3449,3450,Document Title 3450,Author 3450,2019-01-31
3450,3451,Document Title 3451,Author 3451,2023-01-18
3451,3452,Document Title 3452,Author 3452,2017-08-29
3452,3453,Document Title 3453,Author 3453,2017-01-01
3453,3454,Document Title 3454,Author 3454,2021-12-09
3454,3455,Document Title 3455,Author 3455,2016-07-21
3455,3456,Document Title 3456,Author 3456,2016-07-30
3456,3457,Document Title 3457,Author 3457,2016-07-13
3457,3458,Document Title 3458,Author 3458,2023-01-05
3458,3459,Document Title 3459,Author 3459,2019-07-18
3459,3460,Document Title 3460,Author 3460,2018-11-13
3460,3461,Document Title 3461,Author 3461,2016-08-09
3461,3462,Document Title 3462,Author 3462,2016-03-10
3462,3463,Document Title 3463,Author 3463,2018-05-03
3463,3464,Document Title 3464,Author 3464,2021-02-21
3464,3465,Document Title 3465,Author 3465,2019-12-05
3465,3466,Document Title 3466,Author 3466,2017-01-15
3466,3467,Document Title 3467,Author 3467,2020-06-21
3467,3468,Document Title 3468,Author 3468,2018-12-10
3468,3469,Document Title 3469,Author 3469,2023-11-04
3469,3470,Document Title 3470,Author 3470,2017-12-01
3470,3471,Document Title 3471,Author 3471,2017-10-23
3471,3472,Document Title 3472,Author 3472,2020-10-03
3472,3473,Document Title 3473,Author 3473,2019-05-16
3473,3474,Document Title 3474,Author 3474,2024-03-24
3474,3475,Document Title 3475,Author 3475,2014-11-25
3475,3476,Document Title 3476,Author 3476,2016-10-31
3476,3477,Document Title 3477,Author 3477,2022-03-29
3477,3478,Document Title 3478,Author 3478,2024-02-21
3478,3479,Document Title 3479,Author 3479,2019-04-28
3479,3480,Document Title 3480,Author 3480,2019-05-22
3480,3481,Document Title 3481,Author 3481,2023-07-05
3481,3482,Document Title 3482,Author 3482,2015-11-22
3482,3483,Document Title 3483,Author 3483,2019-08-31
3483,3484,Document Title 3484,Author 3484,2015-05-27
3484,3485,Document Title 3485,Author 3485,2015-01-10
3485,3486,Document Title 3486,Author 3486,2022-01-23
3486,3487,Document Title 3487,Author 3487,2019-07-27
3487,3488,Document Title 3488,Author 3488,2024-08-10
3488,3489,Document Title 3489,Author 3489,2018-08-16
3489,3490,Document Title 3490,Author 3490,2015-03-21
3490,3491,Document Title 3491,Author 3491,2022-07-29
3491,3492,Document Title 3492,Author 3492,2021-09-28
3492,3493,Document Title 3493,Author 3493,2019-03-02
3493,3494,Document Title 3494,Author 3494,2018-12-27
3494,3495,Document Title 3495,Author 3495,2021-09-22
3495,3496,Document Title 3496,Author 3496,2015-09-05
3496,3497,Document Title 3497,Author 3497,2015-01-09
3497,3498,Document Title 3498,Author 3498,2022-08-21
3498,3499,Document Title 3499,Author 3499,2019-02-21
3499,3500,Document Title 3500,Author 3500,2017-01-21
3500,3501,Document Title 3501,Author 3501,2020-04-20
3501,3502,Document Title 3502,Author 3502,2023-07-18
3502,3503,Document Title 3503,Author 3503,2019-11-23
3503,3504,Document Title 3504,Author 3504,2021-07-05
3504,3505,Document Title 3505,Author 3505,2019-03-28
3505,3506,Document Title 3506,Author 3506,2024-01-27
3506,3507,Document Title 3507,Author 3507,2024-04-24
3507,3508,Document Title 3508,Author 3508,2020-04-14
3508,3509,Document Title 3509,Author 3509,2015-07-01
3509,3510,Document Title 3510,Author 3510,2020-02-10
3510,3511,Document Title 3511,Author 3511,2023-10-29
3511,3512,Document Title 3512,Author 3512,2022-07-07
3512,3513,Document Title 3513,Author 3513,2020-12-27
3513,3514,Document Title 3514,Author 3514,2017-09-18
3514,3515,Document Title 3515,Author 3515,2021-10-18
3515,3516,Document Title 3516,Author 3516,2023-12-22
3516,3517,Document Title 3517,Author 3517,2022-05-22
3517,3518,Document Title 3518,Author 3518,2016-02-19
3518,3519,Document Title 3519,Author 3519,2019-07-24
3519,3520,Document Title 3520,Author 3520,2015-04-07
3520,3521,Document Title 3521,Author 3521,2016-08-23
3521,3522,Document Title 3522,Author 3522,2020-12-31
3522,3523,Document Title 3523,Author 3523,2022-05-07
3523,3524,Document Title 3524,Author 3524,2023-03-05
3524,3525,Document Title 3525,Author 3525,2018-09-10
3525,3526,Document Title 3526,Author 3526,2017-02-04
3526,3527,Document Title 3527,Author 3527,2015-05-03
3527,3528,Document Title 3528,Author 3528,2018-02-12
3528,3529,Document Title 3529,Author 3529,2019-07-11
3529,3530,Document Title 3530,Author 3530,2022-01-25
3530,3531,Document Title 3531,Author 3531,2016-11-24
3531,3532,Document Title 3532,Author 3532,2016-05-19
3532,3533,Document Title 3533,Author 3533,2018-02-04
3533,3534,Document Title 3534,Author 3534,2021-05-30
3534,3535,Document Title 3535,Author 3535,2021-10-22
3535,3536,Document Title 3536,Author 3536,2019-07-01
3536,3537,Document Title 3537,Author 3537,2022-12-01
3537,3538,Document Title 3538,Author 3538,2020-01-29
3538,3539,Document Title 3539,Author 3539,2023-10-16
3539,3540,Document Title 3540,Author 3540,2017-02-04
3540,3541,Document Title 3541,Author 3541,2020-09-04
3541,3542,Document Title 3542,Author 3542,2016-11-19
3542,3543,Document Title 3543,Author 3543,2014-11-29
3543,3544,Document Title 3544,Author 3544,2018-06-05
3544,3545,Document Title 3545,Author 3545,2024-03-24
3545,3546,Document Title 3546,Author 3546,2021-09-20
3546,3547,Document Title 3547,Author 3547,2018-04-20
3547,3548,Document Title 3548,Author 3548,2020-01-27
3548,3549,Document Title 3549,Author 3549,2023-09-21
3549,3550,Document Title 3550,Author 3550,2020-12-12
3550,3551,Document Title 3551,Author 3551,2024-03-15
3551,3552,Document Title 3552,Author 3552,2023-08-06
3552,3553,Document Title 3553,Author 3553,2022-07-22
3553,3554,Document Title 3554,Author 3554,2019-12-23
3554,3555,Document Title 3555,Author 3555,2023-08-10
3555,3556,Document Title 3556,Author 3556,2024-09-17
3556,3557,Document Title 3557,Author 3557,2017-08-22
3557,3558,Document Title 3558,Author 3558,2018-09-24
3558,3559,Document Title 3559,Author 3559,2018-08-27
3559,3560,Document Title 3560,Author 3560,2015-06-30
3560,3561,Document Title 3561,Author 3561,2019-07-09
3561,3562,Document Title 3562,Author 3562,2020-10-20
3562,3563,Document Title 3563,Author 3563,2016-09-16
3563,3564,Document Title 3564,Author 3564,2017-11-05
3564,3565,Document Title 3565,Author 3565,2019-03-07
3565,3566,Document Title 3566,Author 3566,2020-03-08
3566,3567,Document Title 3567,Author 3567,2020-03-06
3567,3568,Document Title 3568,Author 3568,2015-06-11
3568,3569,Document Title 3569,Author 3569,2022-01-11
3569,3570,Document Title 3570,Author 3570,2021-06-19
3570,3571,Document Title 3571,Author 3571,2021-12-31
3571,3572,Document Title 3572,Author 3572,2021-05-30
3572,3573,Document Title 3573,Author 3573,2015-03-04
3573,3574,Document Title 3574,Author 3574,2023-02-12
3574,3575,Document Title 3575,Author 3575,2024-03-07
3575,3576,Document Title 3576,Author 3576,2023-06-26
3576,3577,Document Title 3577,Author 3577,2020-03-19
3577,3578,Document Title 3578,Author 3578,2015-02-26
3578,3579,Document Title 3579,Author 3579,2022-06-14
3579,3580,Document Title 3580,Author 3580,2015-02-23
3580,3581,Document Title 3581,Author 3581,2016-09-16
3581,3582,Document Title 3582,Author 3582,2020-06-22
3582,3583,Document Title 3583,Author 3583,2024-07-13
3583,3584,Document Title 3584,Author 3584,2022-05-27
3584,3585,Document Title 3585,Author 3585,2023-03-26
3585,3586,Document Title 3586,Author 3586,2016-06-26
3586,3587,Document Title 3587,Author 3587,2023-11-27
3587,3588,Document Title 3588,Author 3588,2015-12-21
3588,3589,Document Title 3589,Author 3589,2015-10-01
3589,3590,Document Title 3590,Author 3590,2018-04-01
3590,3591,Document Title 3591,Author 3591,2016-03-23
3591,3592,Document Title 3592,Author 3592,2023-06-05
3592,3593,Document Title 3593,Author 3593,2023-08-08
3593,3594,Document Title 3594,Author 3594,2020-07-29
3594,3595,Document Title 3595,Author 3595,2015-06-04
3595,3596,Document Title 3596,Author 3596,2020-09-04
3596,3597,Document Title 3597,Author 3597,2024-10-21
3597,3598,Document Title 3598,Author 3598,2019-01-24
3598,3599,Document Title 3599,Author 3599,2016-03-11
3599,3600,Document Title 3600,Author 3600,2015-09-25
3600,3601,Document Title 3601,Author 3601,2023-09-14
3601,3602,Document Title 3602,Author 3602,2020-09-16
3602,3603,Document Title 3603,Author 3603,2024-06-03
3603,3604,Document Title 3604,Author 3604,2019-04-18
3604,3605,Document Title 3605,Author 3605,2016-03-29
3605,3606,Document Title 3606,Author 3606,2022-04-02
3606,3607,Document Title 3607,Author 3607,2020-05-09
3607,3608,Document Title 3608,Author 3608,2018-05-12
3608,3609,Document Title 3609,Author 3609,2020-01-05
3609,3610,Document Title 3610,Author 3610,2023-05-25
3610,3611,Document Title 3611,Author 3611,2015-10-06
3611,3612,Document Title 3612,Author 3612,2016-07-16
3612,3613,Document Title 3613,Author 3613,2015-06-26
3613,3614,Document Title 3614,Author 3614,2016-03-12
3614,3615,Document Title 3615,Author 3615,2017-12-24
3615,3616,Document Title 3616,Author 3616,2017-01-11
3616,3617,Document Title 3617,Author 3617,2023-07-16
3617,3618,Document Title 3618,Author 3618,2016-10-12
3618,3619,Document Title 3619,Author 3619,2021-01-25
3619,3620,Document Title 3620,Author 3620,2018-02-17
3620,3621,Document Title 3621,Author 3621,2021-09-09
3621,3622,Document Title 3622,Author 3622,2016-10-02
3622,3623,Document Title 3623,Author 3623,2017-12-06
3623,3624,Document Title 3624,Author 3624,2016-04-08
3624,3625,Document Title 3625,Author 3625,2020-06-20
3625,3626,Document Title 3626,Author 3626,2023-05-07
3626,3627,Document Title 3627,Author 3627,2022-03-06
3627,3628,Document Title 3628,Author 3628,2021-06-15
3628,3629,Document Title 3629,Author 3629,2019-03-10
3629,3630,Document Title 3630,Author 3630,2019-12-13
3630,3631,Document Title 3631,Author 3631,2022-11-30
3631,3632,Document Title 3632,Author 3632,2016-05-22
3632,3633,Document Title 3633,Author 3633,2014-11-30
3633,3634,Document Title 3634,Author 3634,2021-06-21
3634,3635,Document Title 3635,Author 3635,2021-04-03
3635,3636,Document Title 3636,Author 3636,2015-07-11
3636,3637,Document Title 3637,Author 3637,2018-10-02
3637,3638,Document Title 3638,Author 3638,2018-03-01
3638,3639,Document Title 3639,Author 3639,2016-09-08
3639,3640,Document Title 3640,Author 3640,2017-10-20
3640,3641,Document Title 3641,Author 3641,2021-01-10
3641,3642,Document Title 3642,Author 3642,2022-08-19
3642,3643,Document Title 3643,Author 3643,2016-03-19
3643,3644,Document Title 3644,Author 3644,2024-09-17
3644,3645,Document Title 3645,Author 3645,2024-07-27
3645,3646,Document Title 3646,Author 3646,2022-02-05
3646,3647,Document Title 3647,Author 3647,2017-05-13
3647,3648,Document Title 3648,Author 3648,2019-08-21
3648,3649,Document Title 3649,Author 3649,2016-09-12
3649,3650,Document Title 3650,Author 3650,2015-04-04
3650,3651,Document Title 3651,Author 3651,2024-01-24
3651,3652,Document Title 3652,Author 3652,2020-04-12
3652,3653,Document Title 3653,Author 3653,2021-07-26
3653,3654,Document Title 3654,Author 3654,2015-01-01
3654,3655,Document Title 3655,Author 3655,2023-04-24
3655,3656,Document Title 3656,Author 3656,2020-05-12
3656,3657,Document Title 3657,Author 3657,2021-03-01
3657,3658,Document Title 3658,Author 3658,2015-07-03
3658,3659,Document Title 3659,Author 3659,2023-12-25
3659,3660,Document Title 3660,Author 3660,2023-03-09
3660,3661,Document Title 3661,Author 3661,2022-03-29
3661,3662,Document Title 3662,Author 3662,2021-02-09
3662,3663,Document Title 3663,Author 3663,2015-06-29
3663,3664,Document Title 3664,Author 3664,2019-03-18
3664,3665,Document Title 3665,Author 3665,2024-09-04
3665,3666,Document Title 3666,Author 3666,2016-09-23
3666,3667,Document Title 3667,Author 3667,2019-03-23
3667,3668,Document Title 3668,Author 3668,2015-06-03
3668,3669,Document Title 3669,Author 3669,2015-02-17
3669,3670,Document Title 3670,Author 3670,2023-04-23
3670,3671,Document Title 3671,Author 3671,2022-09-18
3671,3672,Document Title 3672,Author 3672,2020-01-19
3672,3673,Document Title 3673,Author 3673,2024-06-05
3673,3674,Document Title 3674,Author 3674,2020-08-24
3674,3675,Document Title 3675,Author 3675,2015-05-24
3675,3676,Document Title 3676,Author 3676,2022-07-02
3676,3677,Document Title 3677,Author 3677,2015-01-07
3677,3678,Document Title 3678,Author 3678,2021-01-24
3678,3679,Document Title 3679,Author 3679,2016-11-20
3679,3680,Document Title 3680,Author 3680,2018-12-23
3680,3681,Document Title 3681,Author 3681,2024-06-17
3681,3682,Document Title 3682,Author 3682,2021-11-19
3682,3683,Document Title 3683,Author 3683,2019-10-06
3683,3684,Document Title 3684,Author 3684,2021-09-15
3684,3685,Document Title 3685,Author 3685,2020-10-19
3685,3686,Document Title 3686,Author 3686,2019-11-30
3686,3687,Document Title 3687,Author 3687,2017-09-16
3687,3688,Document Title 3688,Author 3688,2018-08-06
3688,3689,Document Title 3689,Author 3689,2022-10-17
3689,3690,Document Title 3690,Author 3690,2022-01-20
3690,3691,Document Title 3691,Author 3691,2019-08-01
3691,3692,Document Title 3692,Author 3692,2016-06-16
3692,3693,Document Title 3693,Author 3693,2021-08-18
3693,3694,Document Title 3694,Author 3694,2017-03-24
3694,3695,Document Title 3695,Author 3695,2017-06-02
3695,3696,Document Title 3696,Author 3696,2024-02-06
3696,3697,Document Title 3697,Author 3697,2021-01-31
3697,3698,Document Title 3698,Author 3698,2015-08-09
3698,3699,Document Title 3699,Author 3699,2020-03-20
3699,3700,Document Title 3700,Author 3700,2017-04-30
3700,3701,Document Title 3701,Author 3701,2023-07-18
3701,3702,Document Title 3702,Author 3702,2022-04-27
3702,3703,Document Title 3703,Author 3703,2022-08-19
3703,3704,Document Title 3704,Author 3704,2020-03-04
3704,3705,Document Title 3705,Author 3705,2024-03-27
3705,3706,Document Title 3706,Author 3706,2023-11-15
3706,3707,Document Title 3707,Author 3707,2023-09-26
3707,3708,Document Title 3708,Author 3708,2018-01-08
3708,3709,Document Title 3709,Author 3709,2019-07-11
3709,3710,Document Title 3710,Author 3710,2021-03-16
3710,3711,Document Title 3711,Author 3711,2022-11-02
3711,3712,Document Title 3712,Author 3712,2015-05-17
3712,3713,Document Title 3713,Author 3713,2021-10-12
3713,3714,Document Title 3714,Author 3714,2017-02-07
3714,3715,Document Title 3715,Author 3715,2017-07-26
3715,3716,Document Title 3716,Author 3716,2015-12-13
3716,3717,Document Title 3717,Author 3717,2021-11-30
3717,3718,Document Title 3718,Author 3718,2016-09-12
3718,3719,Document Title 3719,Author 3719,2015-07-16
3719,3720,Document Title 3720,Author 3720,2023-05-10
3720,3721,Document Title 3721,Author 3721,2018-03-14
3721,3722,Document Title 3722,Author 3722,2016-01-14
3722,3723,Document Title 3723,Author 3723,2017-01-07
3723,3724,Document Title 3724,Author 3724,2015-01-21
3724,3725,Document Title 3725,Author 3725,2015-01-16
3725,3726,Document Title 3726,Author 3726,2023-01-03
3726,3727,Document Title 3727,Author 3727,2024-03-08
3727,3728,Document Title 3728,Author 3728,2022-02-08
3728,3729,Document Title 3729,Author 3729,2017-05-05
3729,3730,Document Title 3730,Author 3730,2018-12-02
3730,3731,Document Title 3731,Author 3731,2019-06-06
3731,3732,Document Title 3732,Author 3732,2024-05-01
3732,3733,Document Title 3733,Author 3733,2017-10-15
3733,3734,Document Title 3734,Author 3734,2021-10-30
3734,3735,Document Title 3735,Author 3735,2015-01-01
3735,3736,Document Title 3736,Author 3736,2024-01-23
3736,3737,Document Title 3737,Author 3737,2015-10-01
3737,3738,Document Title 3738,Author 3738,2023-06-15
3738,3739,Document Title 3739,Author 3739,2021-12-17
3739,3740,Document Title 3740,Author 3740,2018-04-02
3740,3741,Document Title 3741,Author 3741,2017-02-26
3741,3742,Document Title 3742,Author 3742,2015-09-22
3742,3743,Document Title 3743,Author 3743,2022-11-21
3743,3744,Document Title 3744,Author 3744,2014-11-01
3744,3745,Document Title 3745,Author 3745,2016-01-22
3745,3746,Document Title 3746,Author 3746,2024-08-24
3746,3747,Document Title 3747,Author 3747,2024-07-21
3747,3748,Document Title 3748,Author 3748,2018-12-05
3748,3749,Document Title 3749,Author 3749,2023-07-02
3749,3750,Document Title 3750,Author 3750,2024-07-27
3750,3751,Document Title 3751,Author 3751,2021-06-01
3751,3752,Document Title 3752,Author 3752,2020-10-09
3752,3753,Document Title 3753,Author 3753,2017-05-02
3753,3754,Document Title 3754,Author 3754,2021-01-12
3754,3755,Document Title 3755,Author 3755,2015-02-21
3755,3756,Document Title 3756,Author 3756,2021-10-13
3756,3757,Document Title 3757,Author 3757,2022-04-19
3757,3758,Document Title 3758,Author 3758,2021-04-05
3758,3759,Document Title 3759,Author 3759,2021-02-02
3759,3760,Document Title 3760,Author 3760,2016-10-01
3760,3761,Document Title 3761,Author 3761,2019-10-24
3761,3762,Document Title 3762,Author 3762,2020-06-07
3762,3763,Document Title 3763,Author 3763,2015-04-28
3763,3764,Document Title 3764,Author 3764,2017-02-15
3764,3765,Document Title 3765,Author 3765,2022-11-12
3765,3766,Document Title 3766,Author 3766,2023-10-30
3766,3767,Document Title 3767,Author 3767,2018-03-22
3767,3768,Document Title 3768,Author 3768,2020-03-19
3768,3769,Document Title 3769,Author 3769,2023-06-03
3769,3770,Document Title 3770,Author 3770,2015-01-31
3770,3771,Document Title 3771,Author 3771,2018-08-16
3771,3772,Document Title 3772,Author 3772,2021-06-10
3772,3773,Document Title 3773,Author 3773,2015-02-18
3773,3774,Document Title 3774,Author 3774,2016-02-24
3774,3775,Document Title 3775,Author 3775,2017-01-30
3775,3776,Document Title 3776,Author 3776,2016-12-28
3776,3777,Document Title 3777,Author 3777,2018-03-12
3777,3778,Document Title 3778,Author 3778,2015-06-03
3778,3779,Document Title 3779,Author 3779,2023-04-29
3779,3780,Document Title 3780,Author 3780,2018-02-25
3780,3781,Document Title 3781,Author 3781,2021-06-26
3781,3782,Document Title 3782,Author 3782,2015-02-24
3782,3783,Document Title 3783,Author 3783,2015-07-06
3783,3784,Document Title 3784,Author 3784,2020-04-09
3784,3785,Document Title 3785,Author 3785,2022-10-19
3785,3786,Document Title 3786,Author 3786,2016-02-27
3786,3787,Document Title 3787,Author 3787,2021-09-29
3787,3788,Document Title 3788,Author 3788,2017-08-17
3788,3789,Document Title 3789,Author 3789,2023-08-07
3789,3790,Document Title 3790,Author 3790,2015-12-30
3790,3791,Document Title 3791,Author 3791,2017-05-20
3791,3792,Document Title 3792,Author 3792,2019-10-13
3792,3793,Document Title 3793,Author 3793,2018-09-18
3793,3794,Document Title 3794,Author 3794,2020-11-08
3794,3795,Document Title 3795,Author 3795,2015-07-27
3795,3796,Document Title 3796,Author 3796,2022-03-22
3796,3797,Document Title 3797,Author 3797,2020-11-22
3797,3798,Document Title 3798,Author 3798,2018-05-28
3798,3799,Document Title 3799,Author 3799,2021-02-14
3799,3800,Document Title 3800,Author 3800,2016-06-20
3800,3801,Document Title 3801,Author 3801,2015-07-14
3801,3802,Document Title 3802,Author 3802,2015-03-19
3802,3803,Document Title 3803,Author 3803,2021-03-19
3803,3804,Document Title 3804,Author 3804,2015-10-17
3804,3805,Document Title 3805,Author 3805,2021-05-29
3805,3806,Document Title 3806,Author 3806,2021-12-21
3806,3807,Document Title 3807,Author 3807,2020-02-15
3807,3808,Document Title 3808,Author 3808,2017-11-09
3808,3809,Document Title 3809,Author 3809,2017-12-18
3809,3810,Document Title 3810,Author 3810,2017-12-23
3810,3811,Document Title 3811,Author 3811,2015-01-14
3811,3812,Document Title 3812,Author 3812,2021-09-08
3812,3813,Document Title 3813,Author 3813,2016-04-12
3813,3814,Document Title 3814,Author 3814,2015-04-02
3814,3815,Document Title 3815,Author 3815,2020-10-03
3815,3816,Document Title 3816,Author 3816,2014-11-16
3816,3817,Document Title 3817,Author 3817,2019-07-02
3817,3818,Document Title 3818,Author 3818,2015-05-17
3818,3819,Document Title 3819,Author 3819,2021-12-15
3819,3820,Document Title 3820,Author 3820,2024-06-26
3820,3821,Document Title 3821,Author 3821,2019-02-09
3821,3822,Document Title 3822,Author 3822,2024-08-24
3822,3823,Document Title 3823,Author 3823,2017-12-28
3823,3824,Document Title 3824,Author 3824,2020-05-06
3824,3825,Document Title 3825,Author 3825,2021-06-14
3825,3826,Document Title 3826,Author 3826,2022-03-30
3826,3827,Document Title 3827,Author 3827,2021-09-16
3827,3828,Document Title 3828,Author 3828,2020-12-23
3828,3829,Document Title 3829,Author 3829,2017-09-18
3829,3830,Document Title 3830,Author 3830,2024-03-20
3830,3831,Document Title 3831,Author 3831,2016-02-27
3831,3832,Document Title 3832,Author 3832,2015-01-04
3832,3833,Document Title 3833,Author 3833,2019-04-08
3833,3834,Document Title 3834,Author 3834,2021-08-19
3834,3835,Document Title 3835,Author 3835,2015-10-27
3835,3836,Document Title 3836,Author 3836,2023-01-19
3836,3837,Document Title 3837,Author 3837,2017-06-14
3837,3838,Document Title 3838,Author 3838,2024-05-26
3838,3839,Document Title 3839,Author 3839,2015-04-05
3839,3840,Document Title 3840,Author 3840,2021-08-28
3840,3841,Document Title 3841,Author 3841,2024-07-28
3841,3842,Document Title 3842,Author 3842,2022-05-09
3842,3843,Document Title 3843,Author 3843,2020-09-14
3843,3844,Document Title 3844,Author 3844,2023-04-30
3844,3845,Document Title 3845,Author 3845,2024-01-29
3845,3846,Document Title 3846,Author 3846,2024-01-23
3846,3847,Document Title 3847,Author 3847,2014-11-28
3847,3848,Document Title 3848,Author 3848,2020-10-25
3848,3849,Document Title 3849,Author 3849,2016-02-23
3849,3850,Document Title 3850,Author 3850,2015-03-24
3850,3851,Document Title 3851,Author 3851,2020-07-30
3851,3852,Document Title 3852,Author 3852,2018-09-07
3852,3853,Document Title 3853,Author 3853,2020-01-06
3853,3854,Document Title 3854,Author 3854,2020-11-19
3854,3855,Document Title 3855,Author 3855,2022-08-03
3855,3856,Document Title 3856,Author 3856,2016-05-14
3856,3857,Document Title 3857,Author 3857,2019-09-30
3857,3858,Document Title 3858,Author 3858,2019-09-02
3858,3859,Document Title 3859,Author 3859,2022-09-12
3859,3860,Document Title 3860,Author 3860,2021-03-09
3860,3861,Document Title 3861,Author 3861,2020-08-04
3861,3862,Document Title 3862,Author 3862,2015-09-14
3862,3863,Document Title 3863,Author 3863,2018-10-20
3863,3864,Document Title 3864,Author 3864,2016-08-10
3864,3865,Document Title 3865,Author 3865,2024-08-27
3865,3866,Document Title 3866,Author 3866,2019-07-19
3866,3867,Document Title 3867,Author 3867,2020-10-04
3867,3868,Document Title 3868,Author 3868,2020-12-10
3868,3869,Document Title 3869,Author 3869,2019-07-05
3869,3870,Document Title 3870,Author 3870,2019-12-18
3870,3871,Document Title 3871,Author 3871,2015-08-21
3871,3872,Document Title 3872,Author 3872,2019-09-13
3872,3873,Document Title 3873,Author 3873,2016-08-09
3873,3874,Document Title 3874,Author 3874,2015-06-17
3874,3875,Document Title 3875,Author 3875,2024-05-08
3875,3876,Document Title 3876,Author 3876,2019-11-28
3876,3877,Document Title 3877,Author 3877,2019-01-30
3877,3878,Document Title 3878,Author 3878,2016-02-25
3878,3879,Document Title 3879,Author 3879,2015-02-28
3879,3880,Document Title 3880,Author 3880,2022-03-27
3880,3881,Document Title 3881,Author 3881,2023-05-26
3881,3882,Document Title 3882,Author 3882,2022-12-10
3882,3883,Document Title 3883,Author 3883,2022-04-29
3883,3884,Document Title 3884,Author 3884,2022-04-14
3884,3885,Document Title 3885,Author 3885,2016-06-25
3885,3886,Document Title 3886,Author 3886,2015-11-23
3886,3887,Document Title 3887,Author 3887,2021-11-26
3887,3888,Document Title 3888,Author 3888,2020-11-24
3888,3889,Document Title 3889,Author 3889,2018-08-18
3889,3890,Document Title 3890,Author 3890,2019-08-04
3890,3891,Document Title 3891,Author 3891,2019-09-23
3891,3892,Document Title 3892,Author 3892,2021-11-18
3892,3893,Document Title 3893,Author 3893,2018-05-16
3893,3894,Document Title 3894,Author 3894,2020-10-27
3894,3895,Document Title 3895,Author 3895,2017-01-17
3895,3896,Document Title 3896,Author 3896,2023-05-31
3896,3897,Document Title 3897,Author 3897,2015-12-16
3897,3898,Document Title 3898,Author 3898,2019-02-16
3898,3899,Document Title 3899,Author 3899,2024-01-13
3899,3900,Document Title 3900,Author 3900,2021-08-20
3900,3901,Document Title 3901,Author 3901,2024-03-13
3901,3902,Document Title 3902,Author 3902,2018-08-14
3902,3903,Document Title 3903,Author 3903,2019-04-22
3903,3904,Document Title 3904,Author 3904,2023-04-30
3904,3905,Document Title 3905,Author 3905,2014-12-19
3905,3906,Document Title 3906,Author 3906,2018-10-05
3906,3907,Document Title 3907,Author 3907,2015-08-27
3907,3908,Document Title 3908,Author 3908,2015-02-22
3908,3909,Document Title 3909,Author 3909,2021-07-29
3909,3910,Document Title 3910,Author 3910,2021-02-05
3910,3911,Document Title 3911,Author 3911,2017-08-31
3911,3912,Document Title 3912,Author 3912,2019-10-05
3912,3913,Document Title 3913,Author 3913,2023-05-03
3913,3914,Document Title 3914,Author 3914,2016-05-02
3914,3915,Document Title 3915,Author 3915,2023-12-22
3915,3916,Document Title 3916,Author 3916,2017-02-11
3916,3917,Document Title 3917,Author 3917,2024-10-08
3917,3918,Document Title 3918,Author 3918,2017-04-12
3918,3919,Document Title 3919,Author 3919,2016-04-30
3919,3920,Document Title 3920,Author 3920,2022-09-29
3920,3921,Document Title 3921,Author 3921,2024-02-09
3921,3922,Document Title 3922,Author 3922,2024-06-12
3922,3923,Document Title 3923,Author 3923,2022-02-13
3923,3924,Document Title 3924,Author 3924,2017-01-09
3924,3925,Document Title 3925,Author 3925,2019-11-22
3925,3926,Document Title 3926,Author 3926,2020-04-29
3926,3927,Document Title 3927,Author 3927,2023-08-12
3927,3928,Document Title 3928,Author 3928,2023-04-26
3928,3929,Document Title 3929,Author 3929,2024-09-13
3929,3930,Document Title 3930,Author 3930,2020-07-14
3930,3931,Document Title 3931,Author 3931,2015-01-09
3931,3932,Document Title 3932,Author 3932,2020-08-08
3932,3933,Document Title 3933,Author 3933,2023-12-14
3933,3934,Document Title 3934,Author 3934,2023-10-25
3934,3935,Document Title 3935,Author 3935,2022-04-07
3935,3936,Document Title 3936,Author 3936,2019-12-22
3936,3937,Document Title 3937,Author 3937,2022-06-15
3937,3938,Document Title 3938,Author 3938,2020-05-13
3938,3939,Document Title 3939,Author 3939,2020-12-30
3939,3940,Document Title 3940,Author 3940,2020-03-03
3940,3941,Document Title 3941,Author 3941,2024-09-07
3941,3942,Document Title 3942,Author 3942,2022-07-05
3942,3943,Document Title 3943,Author 3943,2015-10-13
3943,3944,Document Title 3944,Author 3944,2019-01-16
3944,3945,Document Title 3945,Author 3945,2022-03-11
3945,3946,Document Title 3946,Author 3946,2024-07-05
3946,3947,Document Title 3947,Author 3947,2017-04-17
3947,3948,Document Title 3948,Author 3948,2022-06-16
3948,3949,Document Title 3949,Author 3949,2023-04-28
3949,3950,Document Title 3950,Author 3950,2022-08-03
3950,3951,Document Title 3951,Author 3951,2020-09-01
3951,3952,Document Title 3952,Author 3952,2022-05-27
3952,3953,Document Title 3953,Author 3953,2016-04-05
3953,3954,Document Title 3954,Author 3954,2016-04-01
3954,3955,Document Title 3955,Author 3955,2019-04-26
3955,3956,Document Title 3956,Author 3956,2023-02-22
3956,3957,Document Title 3957,Author 3957,2018-01-22
3957,3958,Document Title 3958,Author 3958,2016-09-13
3958,3959,Document Title 3959,Author 3959,2022-10-29
3959,3960,Document Title 3960,Author 3960,2015-01-13
3960,3961,Document Title 3961,Author 3961,2015-12-27
3961,3962,Document Title 3962,Author 3962,2022-03-19
3962,3963,Document Title 3963,Author 3963,2022-03-25
3963,3964,Document Title 3964,Author 3964,2016-11-12
3964,3965,Document Title 3965,Author 3965,2015-01-09
3965,3966,Document Title 3966,Author 3966,2017-12-31
3966,3967,Document Title 3967,Author 3967,2020-08-06
3967,3968,Document Title 3968,Author 3968,2019-03-12
3968,3969,Document Title 3969,Author 3969,2018-02-08
3969,3970,Document Title 3970,Author 3970,2020-02-05
3970,3971,Document Title 3971,Author 3971,2016-03-28
3971,3972,Document Title 3972,Author 3972,2015-07-20
3972,3973,Document Title 3973,Author 3973,2017-10-27
3973,3974,Document Title 3974,Author 3974,2020-10-24
3974,3975,Document Title 3975,Author 3975,2023-03-17
3975,3976,Document Title 3976,Author 3976,2024-02-06
3976,3977,Document Title 3977,Author 3977,2015-06-14
3977,3978,Document Title 3978,Author 3978,2023-05-21
3978,3979,Document Title 3979,Author 3979,2021-03-09
3979,3980,Document Title 3980,Author 3980,2018-04-27
3980,3981,Document Title 3981,Author 3981,2022-03-13
3981,3982,Document Title 3982,Author 3982,2015-08-21
3982,3983,Document Title 3983,Author 3983,2022-11-13
3983,3984,Document Title 3984,Author 3984,2020-05-03
3984,3985,Document Title 3985,Author 3985,2021-07-06
3985,3986,Document Title 3986,Author 3986,2020-07-19
3986,3987,Document Title 3987,Author 3987,2018-05-11
3987,3988,Document Title 3988,Author 3988,2023-08-05
3988,3989,Document Title 3989,Author 3989,2016-05-24
3989,3990,Document Title 3990,Author 3990,2017-08-25
3990,3991,Document Title 3991,Author 3991,2015-07-30
3991,3992,Document Title 3992,Author 3992,2021-12-22
3992,3993,Document Title 3993,Author 3993,2021-10-04
3993,3994,Document Title 3994,Author 3994,2016-01-08
3994,3995,Document Title 3995,Author 3995,2021-04-15
3995,3996,Document Title 3996,Author 3996,2015-12-19
3996,3997,Document Title 3997,Author 3997,2015-01-09
3997,3998,Document Title 3998,Author 3998,2024-09-22
3998,3999,Document Title 3999,Author 3999,2020-02-20
